{
	"folders": {},
	"connections": {
		"postgres-jdbc-18a9bc02341-63714680ce2c4548": {
			"provider": "postgresql",
			"driver": "postgres-jdbc",
			"name": "postgres",
			"save-password": true,
			"configuration": {
				"host": "localhost",
				"port": "5432",
				"database": "postgres",
				"url": "jdbc:postgresql://localhost:5432/postgres",
				"configurationType": "MANUAL",
				"home": "postgresql-x64-16",
				"type": "dev",
				"properties": {
					"connectTimeout": "20",
					"loginTimeout": "20",
					"escapeSyntaxCallMode": "callIfNoReturn"
				},
				"provider-properties": {
					"@dbeaver-show-non-default-db@": "false",
					"@dbeaver-show-template-db@": "false",
					"@dbeaver-show-unavailable-db@": "false",
					"show-database-statistics": "false",
					"@dbeaver-read-all-data-types-db@": "false",
					"read-keys-with-columns": "false",
					"@dbeaver-use-prepared-statements-db@": "false",
					"postgresql.dd.plain.string": "false",
					"postgresql.dd.tag.string": "false"
				},
				"auth-model": "native"
			}
		}
	},
	"connection-types": {
		"dev": {
			"name": "Development",
			"color": "255,255,255",
			"description": "Regular development database",
			"auto-commit": true,
			"confirm-execute": false,
			"confirm-data-change": false,
			"smart-commit": false,
			"smart-commit-recover": false,
			"auto-close-transactions": true,
			"close-transactions-period": 1800
		}
	}
}